,Player,Tm,season17_18,year_start,year_end,position,height,weight,birth_date,college
1.0,Stephen Curry,GSW,34682550.0,2010.0,2018.0,G,6-3,190.0,"March 14, 1988",Davidson College
2.0,LeBron James,CLE,33285709.0,2004.0,2018.0,F-G,6-8,250.0,"December 30, 1984",
3.0,Paul Millsap,DEN,31269231.0,2007.0,2018.0,F,6-8,246.0,"February 10, 1985",Louisiana Tech University
4.0,Gordon Hayward,BOS,29727900.0,2011.0,2018.0,F-G,6-8,226.0,"March 23, 1990",Butler University
5.0,Blake Griffin,DET,29512900.0,2011.0,2018.0,F,6-10,251.0,"March 16, 1989",University of Oklahoma
6.0,Kyle Lowry,TOR,28703704.0,2007.0,2018.0,G,6-0,205.0,"March 25, 1986",Villanova University
7.0,Russell Westbrook,OKC,28530608.0,2009.0,2018.0,G,6-3,200.0,"November 12, 1988","University of California, Los Angeles"
8.0,Mike Conley,MEM,28530608.0,2008.0,2018.0,G,6-1,175.0,"October 11, 1987",Ohio State University
9.0,James Harden,HOU,28299399.0,2010.0,2018.0,G,6-5,220.0,"August 26, 1989",Arizona State University
10.0,DeMar DeRozan,TOR,27739975.0,2010.0,2018.0,G-F,6-7,221.0,"August 7, 1989",University of Southern California
11.0,Al Horford,BOS,27734405.0,2008.0,2018.0,C-F,6-10,245.0,"June 3, 1986",University of Florida
12.0,Carmelo Anthony,OKC,26243760.0,2004.0,2018.0,F,6-8,240.0,"May 29, 1984",Syracuse University
13.0,Damian Lillard,POR,26153057.0,2013.0,2018.0,G,6-3,195.0,"July 15, 1990",Weber State University
14.0,Jrue Holiday,NOP,25686667.0,2010.0,2018.0,G,6-4,205.0,"June 12, 1990","University of California, Los Angeles"
15.0,Chris Bosh,MIA,25289390.0,2004.0,2016.0,F-C,6-11,235.0,"March 24, 1984",Georgia Institute of Technology
16.0,Kevin Durant,GSW,25000000.0,2008.0,2018.0,F-G,6-9,240.0,"September 29, 1988",University of Texas at Austin
17.0,Otto Porter,WAS,24773250.0,2014.0,2018.0,F,6-8,198.0,"June 3, 1993",Georgetown University
18.0,Chris Paul,HOU,24599495.0,2006.0,2018.0,G,6-0,175.0,"May 6, 1985",Wake Forest University
19.0,C.J. McCollum,POR,23962573.0,2014.0,2018.0,G,6-3,190.0,"September 19, 1991",Lehigh University
20.0,Bradley Beal,WAS,23775506.0,2013.0,2018.0,G,6-5,207.0,"June 28, 1993",University of Florida
21.0,Anthony Davis,NOP,23775506.0,2013.0,2018.0,F-C,6-10,253.0,"March 11, 1993",University of Kentucky
22.0,Andre Drummond,DET,23775506.0,2013.0,2018.0,C,6-11,279.0,"August 10, 1993",University of Connecticut
23.0,Hassan Whiteside,MIA,23775506.0,2011.0,2018.0,C,7-0,265.0,"June 13, 1989",Marshall University
24.0,Dwight Howard,CHO,23500000.0,2005.0,2018.0,C,6-11,265.0,"December 8, 1985",
25.0,Chandler Parsons,MEM,23112004.0,2012.0,2018.0,F,6-10,230.0,"October 25, 1988",University of Florida
26.0,Harrison Barnes,DAL,23112004.0,2013.0,2018.0,F,6-8,210.0,"May 30, 1992",University of North Carolina
27.0,J.J. Redick,PHI,23000000.0,2007.0,2018.0,G,6-4,190.0,"June 24, 1984",Duke University
28.0,Marc Gasol,MEM,22642350.0,2009.0,2018.0,C,7-1,255.0,"January 29, 1985",
29.0,Kevin Love,CLE,22642350.0,2009.0,2018.0,F,6-10,251.0,"September 7, 1988","University of California, Los Angeles"
30.0,Brook Lopez,LAL,22642350.0,2009.0,2018.0,C,7-0,275.0,"April 1, 1988",Stanford University
31.0,DeAndre Jordan,LAC,22642350.0,2009.0,2018.0,C,6-11,265.0,"July 21, 1988",Texas A&M University
32.0,Steven Adams,OKC,22471910.0,2014.0,2018.0,C,7-0,255.0,"July 20, 1993",University of Pittsburgh
33.0,Giannis Antetokounmpo,MIL,22471910.0,2014.0,2018.0,F-G,6-11,222.0,"December 6, 1994",
34.0,Nicolas Batum,CHO,22434783.0,2009.0,2018.0,F-G,6-8,200.0,"December 14, 1988",
35.0,Rudy Gobert,UTA,21974719.0,2014.0,2018.0,C,7-1,245.0,"June 26, 1992",
36.0,LaMarcus Aldridge,SAS,21461010.0,2007.0,2018.0,F-C,6-11,260.0,"July 19, 1985",University of Texas at Austin
37.0,Victor Oladipo,IND,21000000.0,2014.0,2018.0,G,6-4,210.0,"May 4, 1992",Indiana University
38.0,Enes Kanter,NYK,20566802.0,2012.0,2018.0,C,6-11,245.0,"May 20, 1992",
39.0,Danilo Gallinari,LAC,20559599.0,2009.0,2018.0,F,6-10,225.0,"August 8, 1988",
40.0,Serge Ibaka,TOR,20061729.0,2010.0,2018.0,F-C,6-10,235.0,"September 18, 1989",
41.0,George Hill,CLE,20000000.0,2009.0,2018.0,G,6-3,188.0,"May 4, 1986",Indiana University-Purdue University Indianapolis
42.0,Ryan Anderson,HOU,19578455.0,2009.0,2018.0,F,6-10,240.0,"May 6, 1988",University of California
43.0,Paul George,OKC,19508958.0,2011.0,2018.0,F,6-9,220.0,"May 2, 1990","California State University, Fresno"
44.0,Allen Crabbe,BRK,19332500.0,2014.0,2018.0,G-F,6-6,210.0,"April 9, 1992",University of California
45.0,Jimmy Butler,MIN,19301070.0,2012.0,2018.0,F-G,6-8,236.0,"September 14, 1989",Marquette University
46.0,Jeff Teague,MIN,19000000.0,2010.0,2018.0,G,6-2,186.0,"June 10, 1988",Wake Forest University
47.0,Kawhi Leonard,SAS,18868625.0,2012.0,2018.0,F,6-7,230.0,"June 29, 1991",San Diego State University
48.0,Kyrie Irving,BOS,18868625.0,2012.0,2018.0,G,6-3,193.0,"March 23, 1992",Duke University
49.0,John Wall,WAS,18063850.0,2011.0,2018.0,G,6-4,195.0,"September 6, 1990",University of Kentucky
50.0,DeMarcus Cousins,NOP,18063850.0,2011.0,2018.0,C-F,6-11,270.0,"August 13, 1990",University of Kentucky
51.0,Greg Monroe,PHO,17884176.0,2011.0,2018.0,C-F,6-11,265.0,"June 4, 1990",Georgetown University
52.0,Wesley Matthews,DAL,17884176.0,2010.0,2018.0,G,6-5,220.0,"October 14, 1986",Marquette University
53.0,Klay Thompson,GSW,17826150.0,2012.0,2018.0,G-F,6-7,215.0,"February 8, 1990",Washington State University
54.0,Joakim Noah,NYK,17765000.0,2008.0,2018.0,C,6-11,230.0,"February 25, 1985",University of Florida
55.0,Kentavious Caldwell-Pope,LAL,17745894.0,2014.0,2018.0,G,6-5,205.0,"February 18, 1993",University of Georgia
56.0,Luol Deng,LAL,17190000.0,2005.0,2018.0,F,6-9,220.0,"April 16, 1985",Duke University
57.0,Evan Turner,POR,17131148.0,2011.0,2018.0,G,6-7,220.0,"October 27, 1988",Ohio State University
58.0,Goran Dragic,MIA,17000450.0,2009.0,2018.0,G,6-3,190.0,"May 6, 1986",
59.0,Evan Fournier,ORL,17000000.0,2013.0,2018.0,G-F,6-7,205.0,"October 29, 1992",
60.0,Bismack Biyombo,ORL,17000000.0,2012.0,2018.0,C-F,6-9,255.0,"August 28, 1992",
61.0,Kent Bazemore,ATL,16910113.0,2013.0,2018.0,G-F,6-5,201.0,"July 1, 1989",Old Dominion University
62.0,Robert Covington,PHI,16698103.0,2014.0,2018.0,F,6-9,215.0,"December 14, 1990",Tennessee State University
63.0,Ian Mahinmi,WAS,16661641.0,2008.0,2018.0,C,6-11,250.0,"November 5, 1986",
64.0,Tim Hardaway,NYK,16500000.0,1990.0,2003.0,G,6-0,175.0,"September 1, 1966",University of Texas at El Paso
64.0,Tim Hardaway,NYK,16500000.0,2014.0,2018.0,G,6-6,205.0,"March 16, 1992",University of Michigan
65.0,Draymond Green,GSW,16400000.0,2013.0,2018.0,F,6-7,230.0,"March 4, 1990",Michigan State University
66.0,Tristan Thompson,CLE,16400000.0,2012.0,2018.0,F-C,6-9,238.0,"March 13, 1991",University of Texas at Austin
67.0,Reggie Jackson,DET,16000000.0,2012.0,2018.0,G,6-3,208.0,"April 16, 1990",Boston College
68.0,Pau Gasol,SAS,16000000.0,2002.0,2018.0,F-C,7-0,250.0,"July 6, 1980",
69.0,Tobias Harris,LAC,16000000.0,2012.0,2018.0,F,6-9,235.0,"July 15, 1992",University of Tennessee
70.0,Dwyane Wade,CHI,15550000.0,2004.0,2018.0,G,6-4,220.0,"January 17, 1982",Marquette University
71.0,Dennis Schroder,ATL,15500000.0,2014.0,2018.0,G,6-1,172.0,"September 15, 1993",
72.0,Jonas Valanciunas,TOR,15460675.0,2013.0,2018.0,C,7-0,265.0,"May 6, 1992",
73.0,Tony Parker,SAS,15453126.0,2002.0,2018.0,G,6-2,185.0,"May 17, 1982",
74.0,Timofey Mozgov,BRK,15280000.0,2011.0,2018.0,C,7-1,275.0,"July 16, 1986",
75.0,Andre Iguodala,GSW,14814815.0,2005.0,2018.0,G-F,6-6,215.0,"January 28, 1984",University of Arizona
76.0,DeMarre Carroll,BRK,14800000.0,2010.0,2018.0,F,6-8,215.0,"July 27, 1986",University of Missouri
77.0,Thaddeus Young,IND,14796348.0,2008.0,2018.0,F,6-8,221.0,"June 21, 1988",Georgia Institute of Technology
78.0,Eric Bledsoe,MIL,14500000.0,2011.0,2018.0,G,6-1,205.0,"December 9, 1989",University of Kentucky
79.0,Ricky Rubio,UTA,14275000.0,2012.0,2018.0,G,6-4,194.0,"October 21, 1990",
80.0,Joe Ingles,UTA,14136364.0,2015.0,2018.0,F-G,6-8,226.0,"October 2, 1987",
81.0,Gorgui Dieng,MIN,14112360.0,2014.0,2018.0,C,6-11,241.0,"January 18, 1990",University of Louisville
82.0,Khris Middleton,MIL,14100000.0,2013.0,2018.0,F-G,6-8,234.0,"August 12, 1991",Texas A&M University
83.0,Mason Plumlee,DEN,14041096.0,2014.0,2018.0,C-F,6-11,245.0,"March 5, 1990",Duke University
84.0,Taj Gibson,MIN,14000000.0,2010.0,2018.0,F,6-9,225.0,"June 24, 1985",University of Southern California
85.0,James Johnson,MIA,13954000.0,2010.0,2018.0,F,6-9,250.0,"February 20, 1987",Wake Forest University
86.0,Robin Lopez,CHI,13788500.0,2009.0,2018.0,C,7-0,255.0,"April 1, 1988",Stanford University
87.0,J.R. Smith,CLE,13760000.0,2005.0,2018.0,G-F,6-6,225.0,"September 9, 1985",
88.0,Brandon Knight,PHO,13618750.0,2012.0,2017.0,G,6-3,189.0,"December 2, 1991",University of Kentucky
89.0,Marvin Williams,CHO,13168750.0,2006.0,2018.0,F,6-9,237.0,"June 19, 1986",University of North Carolina
90.0,Tyson Chandler,PHO,13000000.0,2002.0,2018.0,C,7-1,240.0,"October 2, 1982",
91.0,Michael Kidd-Gilchrist,CHO,13000000.0,2013.0,2018.0,F,6-7,232.0,"September 26, 1993",University of Kentucky
92.0,Eric Gordon,HOU,12943020.0,2009.0,2018.0,G,6-4,215.0,"December 25, 1988",Indiana University
93.0,Kenneth Faried,DEN,12921348.0,2012.0,2018.0,F,6-8,228.0,"November 19, 1989",Morehead State University
94.0,Marcin Gortat,WAS,12782609.0,2008.0,2018.0,C-F,6-11,240.0,"February 17, 1984",
95.0,Cody Zeller,CHO,12584270.0,2014.0,2018.0,C-F,7-0,240.0,"October 5, 1992",Indiana University
96.0,Miles Plumlee,ATL,12500000.0,2013.0,2018.0,C-F,6-11,249.0,"September 1, 1988",Duke University
97.0,Nikola Mirotic,NOP,12500000.0,2015.0,2018.0,F,6-10,220.0,"February 11, 1991",
98.0,Zach Randolph,SAC,12307692.0,2002.0,2018.0,F-C,6-9,260.0,"July 16, 1981",Michigan State University
99.0,Nikola Vucevic,ORL,12250000.0,2012.0,2018.0,C,7-0,260.0,"October 24, 1990",University of Southern California
100.0,Solomon Hill,NOP,12236535.0,2014.0,2017.0,F,6-7,225.0,"March 18, 1991",University of Arizona
101.0,Wilson Chandler,DEN,12016854.0,2008.0,2018.0,F,6-8,225.0,"May 10, 1987",DePaul University
102.0,Jeremy Lin,BRK,12000000.0,2011.0,2018.0,G,6-3,200.0,"August 23, 1988",Harvard University
103.0,Kemba Walker,CHO,12000000.0,2012.0,2018.0,G,6-1,172.0,"May 8, 1990",University of Connecticut
104.0,Derrick Favors,UTA,12000000.0,2011.0,2018.0,F-C,6-10,265.0,"July 15, 1991",Georgia Institute of Technology
105.0,Austin Rivers,LAC,11825000.0,2013.0,2018.0,G,6-4,200.0,"August 1, 1992",Duke University
106.0,Courtney Lee,NYK,11747890.0,2009.0,2018.0,G,6-5,200.0,"October 3, 1985",Western Kentucky University
107.0,Nikola Pekovic,MIN,11600000.0,2011.0,2016.0,C,6-11,307.0,"January 3, 1986",
108.0,Jordan Clarkson,CLE,11562500.0,2015.0,2018.0,G,6-5,194.0,"June 7, 1992",University of Missouri
109.0,John Henson,MIL,11422536.0,2013.0,2018.0,C-F,6-11,229.0,"December 28, 1990",University of North Carolina
110.0,Dion Waiters,MIA,11000000.0,2013.0,2018.0,G,6-4,225.0,"December 10, 1991",Syracuse University
111.0,Amir Johnson,PHI,11000000.0,2006.0,2018.0,F-C,6-9,240.0,"May 1, 1987",
112.0,Jamal Crawford,ATL,10942762.0,2001.0,2018.0,G,6-5,200.0,"March 20, 1980",University of Michigan
113.0,Alec Burks,UTA,10845506.0,2012.0,2018.0,G,6-6,214.0,"July 20, 1991",University of Colorado
114.0,Patty Mills,SAS,10714286.0,2010.0,2018.0,G,6-0,185.0,"August 11, 1988",Saint Mary's College of California
115.0,Kelly Olynyk,MIA,10607169.0,2014.0,2018.0,C-F,7-0,238.0,"April 19, 1991",Gonzaga University
116.0,Omer Asik,CHI,10595505.0,2011.0,2018.0,C,7-0,255.0,"July 4, 1986",
117.0,Terrence Ross,ORL,10500000.0,2013.0,2018.0,F-G,6-7,206.0,"February 5, 1991",University of Washington
118.0,Mirza Teletovic,MIL,10500000.0,2013.0,2018.0,F,6-9,242.0,"September 18, 1985",
119.0,Bojan Bogdanovic,IND,10500000.0,2015.0,2018.0,G-F,6-8,216.0,"April 18, 1989",
120.0,Jon Leuer,DET,10497319.0,2012.0,2018.0,F,6-10,228.0,"May 14, 1989",University of Wisconsin
121.0,Iman Shumpert,SAC,10337079.0,2012.0,2018.0,G,6-5,220.0,"June 26, 1990",Georgia Institute of Technology
122.0,Maurice Harkless,POR,10162922.0,2013.0,2018.0,F-G,6-9,215.0,"May 11, 1993",St. John's University
123.0,Jared Dudley,PHO,10000000.0,2008.0,2018.0,F-G,6-7,225.0,"July 10, 1985",Boston College
124.0,Darren Collison,IND,10000000.0,2010.0,2018.0,G,6-0,175.0,"August 23, 1987","University of California, Los Angeles"
125.0,Danny Green,SAS,10000000.0,2010.0,2018.0,G-F,6-6,215.0,"June 22, 1987",University of North Carolina
126.0,Meyers Leonard,POR,9904495.0,2013.0,2018.0,C-F,7-1,245.0,"February 27, 1992",University of Illinois at Urbana-Champaign
127.0,Tony Snell,MIL,9821429.0,2014.0,2018.0,G-F,6-7,200.0,"November 10, 1991",University of New Mexico
128.0,Al Jefferson,IND,9769821.0,2005.0,2018.0,C-F,6-10,289.0,"January 4, 1985",
129.0,Matthew Dellavedova,MIL,9607500.0,2014.0,2018.0,G,6-4,198.0,"September 8, 1990",Saint Mary's College of California
130.0,Joe Johnson,SAC,9505000.0,2002.0,2018.0,G-F,6-7,240.0,"June 29, 1981",University of Arkansas
131.0,Bogdan Bogdanovic,SAC,9470614.0,2018.0,2018.0,G,6-6,205.0,"August 18, 1992",
132.0,Andre Roberson,OKC,9259259.0,2014.0,2018.0,G-F,6-7,210.0,"December 4, 1991",University of Colorado
133.0,Trevor Booker,PHI,9125000.0,2011.0,2018.0,F,6-8,228.0,"November 25, 1987",Clemson University
134.0,Dwight Powell,DAL,9003125.0,2015.0,2018.0,F-C,6-11,240.0,"July 20, 1991",Stanford University
135.0,Jerryd Bayless,PHI,9000000.0,2009.0,2018.0,G,6-3,200.0,"August 20, 1988",University of Arizona
136.0,Avery Bradley,LAC,8808989.0,2011.0,2018.0,G,6-2,180.0,"November 26, 1990",University of Texas at Austin
137.0,JaMychal Green,MEM,8533333.0,2015.0,2018.0,F,6-9,227.0,"June 21, 1990",University of Alabama
138.0,E'Twaun Moore,NOP,8445024.0,2012.0,2018.0,G,6-4,191.0,"February 28, 1989",Purdue University
139.0,Rudy Gay,SAS,8406000.0,2007.0,2018.0,F,6-8,230.0,"August 17, 1986",University of Connecticut
140.0,Kosta Koufos,SAC,8393000.0,2009.0,2018.0,C,7-0,265.0,"February 24, 1989",Ohio State University
141.0,Markieff Morris,WAS,8000000.0,2012.0,2018.0,F,6-10,245.0,"September 2, 1989",University of Kansas
142.0,Garrett Temple,SAC,8000000.0,2010.0,2018.0,G,6-6,195.0,"May 8, 1986",Louisiana State University
143.0,Vince Carter,SAC,8000000.0,1999.0,2018.0,G-F,6-6,220.0,"January 26, 1977",University of North Carolina
144.0,C.J. Miles,TOR,7936509.0,2006.0,2018.0,G-F,6-6,225.0,"April 18, 1987",
145.0,Cristiano Felicio,CHI,7843500.0,2016.0,2018.0,F-C,6-10,275.0,"July 7, 1992",
146.0,Shaun Livingston,GSW,7692308.0,2005.0,2018.0,G,6-7,192.0,"September 11, 1985",
147.0,Cory Joseph,IND,7630000.0,2012.0,2018.0,G,6-3,193.0,"August 20, 1991",University of Texas at Austin
148.0,P.J. Tucker,HOU,7590035.0,2007.0,2018.0,F,6-6,245.0,"May 5, 1985",University of Texas at Austin
149.0,Corey Brewer,LAL,7579366.0,2008.0,2018.0,F-G,6-9,186.0,"March 5, 1986",University of Florida
150.0,Andrew Wiggins,MIN,7574322.0,2015.0,2018.0,F-G,6-8,199.0,"February 23, 1995",University of Kansas
151.0,Darrell Arthur,DEN,7464912.0,2009.0,2018.0,F,6-9,235.0,"March 25, 1988",University of Kansas
152.0,Channing Frye,LAL,7420912.0,2006.0,2018.0,C-F,6-11,255.0,"May 17, 1983",University of Arizona
153.0,Trevor Ariza,HOU,7420912.0,2005.0,2018.0,F,6-8,215.0,"June 30, 1985","University of California, Los Angeles"
154.0,Al-Farouq Aminu,POR,7319035.0,2011.0,2018.0,F,6-9,220.0,"September 21, 1990",Wake Forest University
155.0,Cole Aldrich,MIN,7300000.0,2011.0,2018.0,C,6-11,250.0,"October 31, 1988",University of Kansas
156.0,D.J. Augustin,ORL,7250000.0,2009.0,2018.0,G,6-0,183.0,"November 10, 1987",University of Texas at Austin
157.0,Markelle Fultz,PHI,7026240.0,2018.0,2018.0,G,6-4,195.0,"May 29, 1998",University of Washington
158.0,Lou Williams,LAC,7000000.0,2006.0,2018.0,G,6-1,175.0,"October 27, 1986",
159.0,Kyle Korver,CLE,7000000.0,2004.0,2018.0,G-F,6-7,212.0,"March 17, 1981",Creighton University
160.0,Jeremy Lamb,CHO,7000000.0,2013.0,2018.0,G-F,6-5,185.0,"May 30, 1992",University of Connecticut
161.0,Boban Marjanovic,LAC,7000000.0,2016.0,2018.0,C,7-3,290.0,"August 15, 1988",
162.0,Jae Crowder,UTA,6796117.0,2013.0,2018.0,F,6-6,235.0,"July 6, 1990",Marquette University
163.0,Jabari Parker,MIL,6782392.0,2015.0,2017.0,F,6-8,250.0,"March 15, 1995",Duke University
164.0,Langston Galloway,DET,6666667.0,2015.0,2018.0,G,6-2,200.0,"December 9, 1991",Saint Joseph's University
165.0,Lance Thomas,NYK,6655325.0,2012.0,2018.0,F,6-8,235.0,"April 24, 1988",Duke University
166.0,Ed Davis,POR,6352531.0,2011.0,2018.0,F,6-10,240.0,"June 5, 1989",University of North Carolina
167.0,Marco Belinelli,ATL,6306060.0,2008.0,2018.0,G-F,6-5,210.0,"March 25, 1986",
168.0,Jonathon Simmons,ORL,6300000.0,2016.0,2018.0,G-F,6-6,195.0,"September 14, 1989",University of Houston
169.0,Lonzo Ball,LAL,6286560.0,2018.0,2018.0,G,6-6,190.0,"October 27, 1997","University of California, Los Angeles"
170.0,Wayne Ellington,MIA,6270000.0,2010.0,2018.0,G,6-4,200.0,"October 29, 1987",University of North Carolina
171.0,Isaiah Thomas,LAL,6261395.0,2012.0,2017.0,G,5-9,185.0,"February 7, 1989",University of Washington
172.0,Karl-Anthony Towns,MIN,6216840.0,2016.0,2018.0,C-F,7-0,244.0,"November 15, 1995",University of Kentucky
173.0,Ben Simmons,PHI,6168840.0,2018.0,2018.0,G-F,6-10,230.0,"July 20, 1996",Louisiana State University
174.0,Joel Embiid,PHI,6100266.0,2017.0,2018.0,C-F,7-0,250.0,"March 16, 1994",University of Kansas
175.0,Spencer Hawes,MIL,6021175.0,2008.0,2017.0,C-F,7-1,245.0,"April 28, 1988",University of Washington
176.0,Josh McRoberts,DAL,6021175.0,2008.0,2017.0,F,6-10,240.0,"February 28, 1987",Duke University
177.0,Ish Smith,DET,6000000.0,2011.0,2018.0,G,6-0,175.0,"July 5, 1988",Wake Forest University
178.0,Alan Williams,PHO,6000000.0,2016.0,2017.0,F-C,6-8,260.0,"January 28, 1993","University of California, Santa Barbara"
179.0,Shelvin Mack,ORL,6000000.0,2012.0,2018.0,G,6-3,203.0,"April 22, 1990",Butler University
180.0,Milos Teodosic,LAC,6000000.0,2018.0,2018.0,G,6-5,196.0,"March 19, 1987",
181.0,Ersan Ilyasova,ATL,6000000.0,2007.0,2018.0,F,6-10,235.0,"May 15, 1987",
182.0,Dewayne Dedmon,ATL,6000000.0,2014.0,2018.0,C,7-0,245.0,"August 12, 1989",University of Southern California
183.0,Tyler Johnson,MIA,5881260.0,2015.0,2018.0,G,6-4,186.0,"May 7, 1992","California State University, Fresno"
184.0,Wesley Johnson,LAC,5881260.0,2011.0,2018.0,F-G,6-7,215.0,"July 11, 1987",Syracuse University
185.0,Alex Abrines,OKC,5725000.0,2017.0,2018.0,G-F,6-6,190.0,"August 1, 1993",
186.0,Jayson Tatum,BOS,5645400.0,2018.0,2018.0,F,6-8,205.0,"March 3, 1998",Duke University
187.0,D'Angelo Russell,BRK,5562360.0,2016.0,2018.0,G,6-5,195.0,"February 23, 1996",Ohio State University
188.0,Brandon Ingram,LAL,5519400.0,2017.0,2018.0,F,6-9,190.0,"September 2, 1997",Duke University
189.0,Patrick Beverley,LAC,5513514.0,2013.0,2018.0,G,6-1,185.0,"July 12, 1988",University of Arkansas
190.0,Aaron Gordon,ORL,5504420.0,2015.0,2018.0,F,6-9,220.0,"September 16, 1995",University of Arizona
191.0,Deron Williams,BRK,5500000.0,2006.0,2017.0,G,6-3,200.0,"June 26, 1984",University of Illinois at Urbana-Champaign
192.0,Josh Smith,DET,5400000.0,2005.0,2018.0,F,6-9,225.0,"December 5, 1985",
193.0,Thabo Sefolosha,UTA,5250000.0,2007.0,2018.0,G-F,6-7,220.0,"May 2, 1984",
194.0,Jason Smith,WAS,5225000.0,2008.0,2018.0,F-C,7-0,245.0,"March 2, 1986",Colorado State University
195.0,Ben McLemore,MEM,5200000.0,2014.0,2018.0,G,6-5,195.0,"February 11, 1993",University of Kansas
196.0,Patrick Patterson,OKC,5192000.0,2011.0,2018.0,F,6-9,230.0,"March 14, 1989",University of Kentucky
197.0,Nick Young,GSW,5192000.0,2008.0,2018.0,G-F,6-7,210.0,"June 1, 1985",University of Southern California
198.0,Brandan Wright,MEM,5179760.0,2008.0,2018.0,F-C,6-10,210.0,"October 5, 1987",University of North Carolina
199.0,Josh Jackson,PHO,5090040.0,2018.0,2018.0,F-G,6-8,207.0,"February 10, 1997",University of Kansas
200.0,Marcus Morris,BOS,5000000.0,2012.0,2018.0,F,6-9,235.0,"September 2, 1989",University of Kansas
201.0,Dirk Nowitzki,DAL,5000000.0,1999.0,2018.0,F,7-0,245.0,"June 19, 1978",
202.0,Greg Monroe,BOS,5000000.0,2011.0,2018.0,C-F,6-11,265.0,"June 4, 1990",Georgetown University
203.0,Mike Muscala,ATL,5000000.0,2014.0,2018.0,F-C,6-11,240.0,"July 1, 1991",Bucknell University
204.0,Jahlil Okafor,BRK,4995120.0,2016.0,2018.0,C-F,6-11,275.0,"December 15, 1995",Duke University
205.0,Dante Exum,UTA,4992385.0,2015.0,2017.0,G,6-6,190.0,"July 13, 1995",
206.0,Alexis Ajinca,NOP,4961798.0,2009.0,2017.0,C,7-2,248.0,"May 6, 1988",
207.0,Jaylen Brown,BOS,4956480.0,2017.0,2018.0,F-G,6-7,225.0,"October 24, 1996",University of California
208.0,Jameer Nelson,DEN,4736050.0,2005.0,2018.0,G,6-0,190.0,"February 9, 1982",Saint Joseph's University
209.0,Kyle Singler,OKC,4666500.0,2013.0,2018.0,F,6-8,228.0,"May 4, 1988",Duke University
210.0,Justin Holiday,CHI,4615385.0,2013.0,2018.0,G,6-6,185.0,"April 5, 1989",University of Washington
211.0,De'Aaron Fox,SAC,4609200.0,2018.0,2018.0,G,6-3,170.0,"December 20, 1997",University of Kentucky
212.0,Marcus Smart,BOS,4538020.0,2015.0,2018.0,G,6-4,220.0,"March 6, 1994",Oklahoma State University
213.0,Kristaps Porzingis,NYK,4503600.0,2016.0,2018.0,F-C,7-3,240.0,"August 2, 1995",
214.0,Dragan Bender,PHO,4468800.0,2017.0,2018.0,F,7-1,225.0,"November 17, 1997",
215.0,Devin Harris,DEN,4402546.0,2005.0,2018.0,G,6-3,192.0,"February 27, 1983",University of Wisconsin
216.0,Ron Baker,NYK,4328000.0,2017.0,2018.0,G,6-4,220.0,"March 30, 1993",Wichita State University
217.0,Jamal Crawford,MIN,4328000.0,2001.0,2018.0,G,6-5,200.0,"March 20, 1980",University of Michigan
218.0,Aron Baynes,BOS,4328000.0,2013.0,2018.0,C,6-10,260.0,"December 9, 1986",Washington State University
219.0,Alex Len,PHO,4187599.0,2014.0,2018.0,C,7-1,260.0,"June 16, 1993",University of Maryland
220.0,Nerlens Noel,DAL,4187599.0,2015.0,2018.0,C-F,6-11,228.0,"April 10, 1994",University of Kentucky
221.0,Jonathan Isaac,ORL,4186320.0,2018.0,2018.0,F,6-10,210.0,"October 3, 1997",Florida State University
222.0,Lance Stephenson,IND,4180000.0,2011.0,2018.0,G-F,6-5,230.0,"September 5, 1990",University of Cincinnati
223.0,Julius Randle,LAL,4149242.0,2015.0,2018.0,F-C,6-9,250.0,"November 29, 1994",University of Kentucky
224.0,Kyle O'Quinn,NYK,4087500.0,2013.0,2018.0,F-C,6-10,250.0,"March 26, 1990",Norfolk State University
225.0,Mario Hezonja,ORL,4078320.0,2016.0,2018.0,F-G,6-8,215.0,"February 25, 1995",
226.0,Kris Dunn,CHI,4046760.0,2017.0,2018.0,G,6-4,210.0,"March 18, 1994",Providence College
227.0,Jonas Jerebko,UTA,4000000.0,2010.0,2018.0,F,6-10,231.0,"March 2, 1987",
228.0,Nemanja Bjelica,MIN,3949999.0,2016.0,2018.0,F,6-10,240.0,"May 9, 1988",
229.0,J.J. Barea,DAL,3903900.0,2007.0,2018.0,G,6-0,185.0,"June 26, 1984",Northeastern University
230.0,Quincy Pondexter,CHI,3853931.0,2011.0,2018.0,G-F,6-7,220.0,"March 10, 1988",University of Washington
231.0,Lauri Markkanen,CHI,3821640.0,2018.0,2018.0,F,7-0,230.0,"May 22, 1997",University of Arizona
232.0,Nik Stauskas,BRK,3807146.0,2015.0,2018.0,G,6-6,205.0,"October 7, 1993",University of Michigan
233.0,Willie Cauley-Stein,SAC,3704160.0,2016.0,2018.0,F-C,7-0,240.0,"August 18, 1993",University of Kentucky
234.0,Buddy Hield,SAC,3675480.0,2017.0,2018.0,G,6-4,214.0,"December 17, 1993",University of Oklahoma
235.0,Will Barton,DEN,3533333.0,2013.0,2018.0,G,6-6,175.0,"January 6, 1991",University of Memphis
236.0,Noah Vonleh,CHI,3505233.0,2015.0,2018.0,F,6-10,240.0,"August 24, 1995",Indiana University
237.0,Frank Ntilikina,NYK,3501120.0,2018.0,2018.0,G,6-5,190.0,"July 28, 1998",
238.0,Nene Hilario,HOU,3477600.0,2003.0,2018.0,F-C,6-11,250.0,"September 13, 1982",
239.0,Zaza Pachulia,GSW,3477600.0,2004.0,2018.0,C,6-11,270.0,"February 10, 1984",
240.0,Troy Daniels,PHO,3408520.0,2014.0,2018.0,G,6-4,205.0,"July 15, 1991",Virginia Commonwealth University
241.0,Emmanuel Mudiay,NYK,3381480.0,2016.0,2018.0,G,6-5,200.0,"March 5, 1996",
242.0,Jamal Murray,DEN,3355320.0,2017.0,2018.0,G,6-4,207.0,"February 23, 1997",University of Kentucky
243.0,Elfrid Payton,PHO,3332340.0,2015.0,2018.0,G,6-4,185.0,"February 22, 1994",University of Louisiana at Lafayette
244.0,Rajon Rondo,NOP,3300000.0,2007.0,2018.0,G,6-1,186.0,"February 22, 1986",University of Kentucky
245.0,Doug McDermott,DAL,3294994.0,2015.0,2018.0,F,6-8,225.0,"January 3, 1992",Creighton University
246.0,Jodie Meeks,WAS,3290000.0,2010.0,2018.0,G,6-4,210.0,"August 21, 1987",University of Kentucky
247.0,Tyreke Evans,MEM,3290000.0,2010.0,2018.0,G-F,6-6,220.0,"September 19, 1989",University of Memphis
248.0,Tarik Black,HOU,3290000.0,2015.0,2018.0,C-F,6-9,250.0,"November 22, 1991",University of Kansas
249.0,Anthony Tolliver,DET,3290000.0,2009.0,2018.0,F-C,6-8,240.0,"June 1, 1985",Creighton University
250.0,Dennis Smith,DAL,3218280.0,2018.0,2018.0,G,6-3,195.0,"November 25, 1997",North Carolina State University
251.0,Zach LaVine,CHI,3202217.0,2015.0,2017.0,G,6-5,189.0,"March 10, 1995","University of California, Los Angeles"
252.0,Ekpe Udoh,UTA,3200000.0,2011.0,2018.0,C-F,6-10,240.0,"May 20, 1987",Baylor University
253.0,T.J. Warren,PHO,3152931.0,2015.0,2018.0,F,6-8,230.0,"September 5, 1993",North Carolina State University
254.0,Stanley Johnson,DET,3097800.0,2016.0,2018.0,F,6-7,245.0,"May 29, 1996",University of Arizona
255.0,Marquese Chriss,PHO,3073800.0,2017.0,2018.0,F,6-10,233.0,"July 2, 1997",University of Washington
256.0,Zach Collins,POR,3057240.0,2018.0,2018.0,C-F,7-0,232.0,"November 19, 1997",Gonzaga University
257.0,James Ennis,DET,3028410.0,2015.0,2018.0,F,6-7,210.0,"July 1, 1990","California State University, Long Beach"
258.0,Seth Curry,DAL,3028410.0,2014.0,2017.0,G,6-2,185.0,"August 23, 1990",Duke University
259.0,Mindaugas Kuzminskas,NYK,3025035.0,2017.0,2018.0,F,6-9,215.0,"October 19, 1989",
260.0,Tomas Satoransky,WAS,3000000.0,2017.0,2018.0,G,6-7,210.0,"October 30, 1991",
261.0,Rajon Rondo,CHI,3000000.0,2007.0,2018.0,G,6-1,186.0,"February 22, 1986",University of Kentucky
262.0,Lucas Nogueira,TOR,2947305.0,2015.0,2018.0,C,7-0,241.0,"July 26, 1992",
263.0,Jusuf Nurkic,POR,2947305.0,2015.0,2018.0,C,7-0,280.0,"August 23, 1994",
264.0,Malik Monk,CHO,2904480.0,2018.0,2018.0,G,6-3,200.0,"February 4, 1998",University of Kentucky
265.0,Frank Kaminsky,CHO,2847600.0,2016.0,2018.0,F-C,7-0,242.0,"April 4, 1993",University of Wisconsin
266.0,Andrew Nicholson,POR,2844429.0,2013.0,2017.0,F,6-9,250.0,"December 8, 1989",St. Bonaventure University
267.0,Jakob Poeltl,TOR,2825640.0,2017.0,2018.0,C,7-0,248.0,"October 15, 1995",University of Utah
268.0,Luke Kennard,DET,2759280.0,2018.0,2018.0,G,6-6,206.0,"June 24, 1996",Duke University
269.0,Justise Winslow,MIA,2705040.0,2016.0,2018.0,F,6-7,225.0,"March 26, 1996",Duke University
270.0,Michael Carter-Williams,CHO,2700000.0,2014.0,2018.0,G,6-6,190.0,"October 10, 1991",Syracuse University
271.0,Thon Maker,MIL,2684160.0,2017.0,2018.0,F-C,7-1,216.0,"February 25, 1997",
272.0,Cedi Osman,CLE,2642857.0,2018.0,2018.0,F,6-8,210.0,"April 8, 1995",
273.0,Donovan Mitchell,UTA,2621280.0,2018.0,2018.0,G,6-3,211.0,"September 7, 1996",University of Louisville
274.0,Myles Turner,IND,2569920.0,2016.0,2018.0,C-F,6-11,243.0,"March 24, 1996",University of Texas at Austin
275.0,Gary Harris,DEN,2550055.0,2015.0,2018.0,G,6-4,210.0,"September 14, 1994",Michigan State University
276.0,Domantas Sabonis,IND,2550000.0,2017.0,2018.0,F-C,6-11,240.0,"May 3, 1996",Gonzaga University
277.0,Manu Ginobili,SAS,2500000.0,2003.0,2018.0,G,6-6,205.0,"July 28, 1977",
278.0,Reggie Bullock,DET,2500000.0,2014.0,2018.0,G-F,6-7,205.0,"March 16, 1991",University of North Carolina
279.0,Richard Jefferson,ATL,2500000.0,2002.0,2018.0,F,6-7,233.0,"June 21, 1980",University of Arizona
280.0,Malcolm Delaney,ATL,2500000.0,2017.0,2018.0,G,6-3,190.0,"March 11, 1989",Virginia Polytechnic Institute and State University
281.0,Bam Adebayo,MIA,2490360.0,2018.0,2018.0,C-F,6-10,243.0,"July 18, 1997",University of Kentucky
282.0,Bruno Caboclo,SAC,2451225.0,2015.0,2018.0,F,6-9,218.0,"September 21, 1995",
283.0,Ronnie Price,OKC,2442455.0,2006.0,2017.0,G,6-2,190.0,"June 21, 1983",Utah Valley State College
284.0,Trey Lyles,DEN,2441400.0,2016.0,2018.0,F,6-10,234.0,"November 5, 1995",University of Kentucky
285.0,Dario Saric,PHI,2422560.0,2017.0,2018.0,F,6-10,223.0,"April 8, 1994",
286.0,Taurean Waller-Prince,ATL,2422560.0,2017.0,2018.0,F,6-8,220.0,"March 22, 1994",Baylor University
287.0,Rodney Hood,CLE,2386864.0,2015.0,2018.0,G-F,6-8,206.0,"October 20, 1992",Duke University
288.0,Justin Jackson,SAC,2365560.0,2018.0,2018.0,G-F,6-8,200.0,"March 28, 1995",University of North Carolina
289.0,Shabazz Napier,POR,2361360.0,2015.0,2018.0,G,6-1,175.0,"July 14, 1991",University of Connecticut
290.0,Clint Capela,HOU,2334520.0,2015.0,2018.0,C,6-10,240.0,"May 18, 1994",
291.0,Arron Afflalo,ORL,2328652.0,2008.0,2018.0,G,6-5,210.0,"October 15, 1985","University of California, Los Angeles"
292.0,Raymond Felton,OKC,2328652.0,2006.0,2018.0,G,6-1,205.0,"June 26, 1984",University of North Carolina
293.0,Nick Collison,OKC,2328652.0,2005.0,2018.0,F,6-10,255.0,"October 26, 1980",University of Kansas
294.0,Ramon Sessions,NYK,2328652.0,2008.0,2018.0,G,6-3,190.0,"April 11, 1986","University of Nevada, Reno"
295.0,Jarrett Jack,NYK,2328652.0,2006.0,2018.0,G,6-3,200.0,"October 28, 1983",Georgia Institute of Technology
296.0,Jason Terry,MIL,2328652.0,2000.0,2018.0,G,6-2,185.0,"September 15, 1977",University of Arizona
297.0,Udonis Haslem,MIA,2328652.0,2004.0,2018.0,F-C,6-8,235.0,"June 9, 1980",University of Florida
298.0,Dwyane Wade,MIA,2328652.0,2004.0,2018.0,G,6-4,220.0,"January 17, 1982",Marquette University
299.0,David West,GSW,2328652.0,2004.0,2018.0,F,6-9,250.0,"August 29, 1980",Xavier University
300.0,Richard Jefferson,DEN,2328652.0,2002.0,2018.0,F,6-7,233.0,"June 21, 1980",University of Arizona
301.0,Jose Calderon,CLE,2328652.0,2006.0,2018.0,G,6-3,200.0,"September 28, 1981",
302.0,Andrew Bogut,LAL,2328652.0,2006.0,2018.0,C,7-0,260.0,"November 28, 1984",University of Utah
303.0,Devin Booker,PHO,2319360.0,2016.0,2018.0,G,6-6,206.0,"October 30, 1996",University of Kentucky
304.0,Georgios Papagiannis,SAC,2301360.0,2017.0,2018.0,C,7-1,240.0,"July 3, 1997",
305.0,Dante Cunningham,BRK,2300000.0,2010.0,2018.0,F,6-8,230.0,"April 22, 1987",Villanova University
306.0,Jameer Nelson,DET,2262871.0,2005.0,2018.0,G,6-0,190.0,"February 9, 1982",Saint Joseph's University
308.0,Guerschon Yabusele,BOS,2247480.0,2018.0,2018.0,F,6-7,260.0,"December 17, 1995",
309.0,Monta Ellis,IND,2245400.0,2006.0,2017.0,G,6-3,185.0,"October 26, 1985",
310.0,Cameron Payne,CHI,2203440.0,2016.0,2017.0,G,6-3,185.0,"August 8, 1994",Murray State University
311.0,Denzel Valentine,CHI,2186400.0,2017.0,2018.0,G,6-6,212.0,"November 16, 1993",Michigan State University
312.0,Josh Smith,NOP,2183934.0,2005.0,2018.0,F,6-9,225.0,"December 5, 1985",
313.0,Kyle Anderson,SAS,2151704.0,2015.0,2018.0,F-G,6-9,230.0,"September 20, 1993","University of California, Los Angeles"
314.0,D.J. Wilson,MIL,2135040.0,2018.0,2018.0,F,6-10,234.0,"February 19, 1996",University of Michigan
315.0,Matt Barnes,SAC,2133542.0,2004.0,2017.0,F,6-7,226.0,"March 9, 1980","University of California, Los Angeles"
316.0,Derrick Rose,UTA,2116955.0,2009.0,2018.0,G,6-3,190.0,"October 4, 1988",University of Memphis
317.0,Marreese Speights,ORL,2116955.0,2009.0,2018.0,C-F,6-10,255.0,"August 4, 1987",University of Florida
318.0,Michael Beasley,NYK,2116955.0,2009.0,2018.0,F,6-9,235.0,"January 9, 1989",Kansas State University
319.0,Aaron Brooks,MIN,2116955.0,2008.0,2018.0,G,6-0,161.0,"January 14, 1985",University of Oregon
320.0,Luc Mbah a Moute,HOU,2116955.0,2009.0,2018.0,F,6-8,230.0,"September 9, 1986","University of California, Los Angeles"
321.0,JaVale McGee,GSW,2116955.0,2009.0,2018.0,C,7-0,270.0,"January 19, 1988","University of Nevada, Reno"
322.0,Jeff Green,CLE,2116955.0,2008.0,2018.0,F,6-9,235.0,"August 28, 1986",Georgetown University
323.0,Tony Allen,CHI,2116955.0,2005.0,2018.0,G-F,6-4,213.0,"January 11, 1982",Oklahoma State University
324.0,Damien Wilkins,IND,2116955.0,2005.0,2018.0,F-G,6-6,225.0,"January 11, 1980",University of Georgia
325.0,Omri Casspi,GSW,2106470.0,2010.0,2018.0,F,6-9,225.0,"June 22, 1988",
326.0,Mario Chalmers,MEM,2106407.0,2009.0,2018.0,G,6-2,190.0,"May 19, 1986",University of Kansas
327.0,Darius Miller,NOP,2100000.0,2013.0,2018.0,F,6-8,235.0,"March 21, 1990",University of Kentucky
328.0,Kelly Oubre,WAS,2093040.0,2016.0,2018.0,F,6-7,205.0,"December 9, 1995",University of Kansas
329.0,Juan Hernangomez,DEN,2076840.0,2017.0,2018.0,F,6-9,230.0,"September 28, 1995",
330.0,T.J. Leaf,IND,2028360.0,2018.0,2018.0,F,6-10,222.0,"April 30, 1997","University of California, Los Angeles"
331.0,Tim Frazier,WAS,2000000.0,2015.0,2018.0,G,6-1,170.0,"November 1, 1990",Pennsylvania State University
332.0,Anthony Tolliver,SAC,2000000.0,2009.0,2018.0,F-C,6-8,240.0,"June 1, 1985",Creighton University
333.0,Terry Rozier,BOS,1988520.0,2016.0,2018.0,G,6-2,190.0,"March 17, 1994",University of Louisville
334.0,Luke Babbitt,MIA,1974159.0,2011.0,2018.0,F,6-9,225.0,"June 20, 1989","University of Nevada, Reno"
335.0,John Collins,ATL,1936920.0,2018.0,2018.0,F,6-10,235.0,"September 23, 1997",Wake Forest University
336.0,Anderson Varejao,POR,1913345.0,2005.0,2017.0,F-C,6-10,273.0,"September 28, 1982",
337.0,Rashad Vaughn,NOP,1889040.0,2016.0,2018.0,G,6-6,202.0,"August 16, 1996","University of Nevada, Las Vegas"
338.0,Tim Duncan,SAS,1881250.0,1998.0,2016.0,F-C,6-11,250.0,"April 25, 1976",Wake Forest University
339.0,Wade Baldwin,MEM,1874400.0,2017.0,2017.0,G,6-4,202.0,"March 29, 1996",Vanderbilt University
340.0,Larry Sanders,MIL,1865547.0,2011.0,2017.0,C-F,6-11,235.0,"November 21, 1988",Virginia Commonwealth University
342.0,Sam Dekker,LAC,1794600.0,2016.0,2018.0,F,6-9,230.0,"May 6, 1994",University of Wisconsin
343.0,Terrance Ferguson,OKC,1785000.0,2018.0,2018.0,G-F,6-7,184.0,"May 17, 1998",
344.0,Henry Ellenson,DET,1780800.0,2017.0,2018.0,F,6-11,245.0,"January 13, 1997",Marquette University
345.0,Eric Moreland,DET,1739333.0,2015.0,2018.0,F-C,6-10,238.0,"December 24, 1991",Oregon State University
346.0,Jerian Grant,CHI,1713840.0,2016.0,2018.0,G,6-4,195.0,"October 9, 1992",University of Notre Dame
347.0,Jarrett Allen,BRK,1713720.0,2018.0,2018.0,F-C,6-10,234.0,"April 21, 1998",University of Texas at Austin
348.0,Mike Scott,WAS,1709538.0,2013.0,2018.0,F,6-8,237.0,"July 16, 1988",University of Virginia
349.0,Tyler Zeller,MIL,1709538.0,2013.0,2018.0,F-C,7-0,253.0,"January 17, 1990",University of North Carolina
350.0,Quincy Acy,BRK,1709538.0,2013.0,2018.0,F,6-7,240.0,"October 6, 1990",Baylor University
351.0,Malik Beasley,DEN,1700640.0,2017.0,2018.0,G,6-5,196.0,"November 26, 1996",Florida State University
352.0,Mike Dunleavy,ATL,1662500.0,1977.0,1990.0,G,6-3,180.0,"March 21, 1954",University of South Carolina
352.0,Mike Dunleavy,ATL,1662500.0,2003.0,2017.0,F-G,6-9,230.0,"September 15, 1980",Duke University
353.0,Delon Wright,TOR,1645200.0,2016.0,2018.0,G,6-5,183.0,"April 26, 1992",University of Utah
354.0,OG Anunoby,TOR,1645200.0,2018.0,2018.0,F,6-8,232.0,"July 17, 1997",Indiana University
355.0,Ante Zizic,CLE,1645200.0,2018.0,2018.0,F-C,6-11,250.0,"January 4, 1997",
356.0,Caris LeVert,BRK,1632480.0,2017.0,2018.0,G-F,6-7,203.0,"August 25, 1994",University of Michigan
357.0,Justin Anderson,PHI,1579440.0,2016.0,2018.0,G,6-6,228.0,"November 19, 1993",University of Virginia
358.0,Tyler Lydon,DEN,1579440.0,2018.0,2018.0,F,6-10,215.0,"April 9, 1996",Syracuse University
359.0,Jeff Withey,DAL,1577320.0,2014.0,2018.0,C,7-0,231.0,"March 7, 1990",University of Kansas
360.0,Ian Clark,NOP,1577230.0,2014.0,2018.0,G,6-3,175.0,"March 7, 1991",Belmont University
361.0,Shabazz Muhammad,MIN,1577230.0,2014.0,2018.0,F-G,6-6,223.0,"November 13, 1992","University of California, Los Angeles"
362.0,Willie Reed,CHI,1577230.0,2016.0,2018.0,F-C,6-10,220.0,"May 16, 1990",Saint Louis University
363.0,DeAndre Liggins,MIL,1577230.0,2012.0,2018.0,G,6-6,209.0,"March 31, 1988",University of Kentucky
364.0,DeAndre' Bembry,ATL,1567200.0,2017.0,2018.0,F,6-6,210.0,"July 4, 1994",Saint Joseph's University
365.0,Joffrey Lauvergne,SAS,1524305.0,2015.0,2018.0,C-F,6-11,220.0,"September 30, 1991",
366.0,Jerami Grant,OKC,1524305.0,2015.0,2018.0,F,6-8,210.0,"March 12, 1994",Syracuse University
367.0,Johnny O'Bryant,NYK,1524305.0,2015.0,2018.0,F-C,6-9,257.0,"June 1, 1993",Louisiana State University
368.0,Tyler Ennis,LAL,1524305.0,2015.0,2018.0,G,6-3,194.0,"August 24, 1994",Syracuse University
369.0,Julyan Stone,CHO,1524305.0,2012.0,2018.0,G,6-6,200.0,"December 7, 1988",University of Texas at El Paso
370.0,Sean Kilpatrick,BRK,1524305.0,2015.0,2018.0,G,6-4,210.0,"January 6, 1990",University of Cincinnati
371.0,Joe Harris,BRK,1524305.0,2015.0,2018.0,G,6-6,219.0,"September 6, 1991",University of Virginia
372.0,Spencer Dinwiddie,BRK,1524305.0,2015.0,2018.0,G,6-6,200.0,"April 6, 1993",University of Colorado
373.0,Shane Larkin,BOS,1524305.0,2014.0,2018.0,G,5-11,175.0,"October 2, 1992",University of Miami
374.0,Glenn Robinson,IND,1524305.0,1995.0,2005.0,F,6-7,225.0,"January 10, 1973",Purdue University
374.0,Glenn Robinson,IND,1524305.0,2015.0,2017.0,G-F,6-6,222.0,"January 8, 1994",University of Michigan
375.0,Bobby Brown,HOU,1524305.0,2009.0,2018.0,G,6-2,175.0,"September 24, 1984","California State University, Fullerton"
376.0,Bobby Portis,CHI,1516320.0,2016.0,2018.0,F,6-11,230.0,"February 10, 1995",University of Arkansas
377.0,Malachi Richardson,TOR,1504560.0,2017.0,2018.0,G,6-6,205.0,"January 5, 1996",Syracuse University
378.0,Arron Afflalo,SAC,1500000.0,2008.0,2018.0,G,6-5,210.0,"October 15, 1985","University of California, Los Angeles"
379.0,Norman Powell,TOR,1471382.0,2016.0,2018.0,G,6-4,215.0,"May 25, 1993","University of California, Los Angeles"
380.0,Josh Richardson,MIA,1471382.0,2016.0,2018.0,G,6-6,200.0,"September 15, 1993",University of Tennessee
381.0,Rondae Hollis-Jefferson,BRK,1471382.0,2016.0,2018.0,F,6-7,220.0,"January 3, 1995",University of Arizona
382.0,Tyus Jones,MIN,1471382.0,2016.0,2018.0,G,6-2,195.0,"May 10, 1996",Duke University
383.0,Jarell Martin,MEM,1471382.0,2016.0,2018.0,F,6-10,239.0,"May 24, 1994",Louisiana State University
384.0,Larry Nance,CLE,1471382.0,1982.0,1994.0,F-C,6-10,205.0,"February 12, 1959",Clemson University
384.0,Larry Nance,CLE,1471382.0,2016.0,2018.0,F,6-9,230.0,"January 1, 1993",University of Wyoming
385.0,Troy Williams,HOU,1471382.0,2017.0,2018.0,F,6-7,218.0,"December 30, 1994",Indiana University
386.0,Chris McCullough,WAS,1471382.0,2016.0,2018.0,F,6-11,200.0,"February 5, 1995",Syracuse University
387.0,Raul Neto,UTA,1471382.0,2016.0,2018.0,G,6-1,179.0,"May 19, 1992",
388.0,Pat Connaughton,POR,1471382.0,2016.0,2018.0,G,6-5,206.0,"January 6, 1993",University of Notre Dame
389.0,Richaun Holmes,PHI,1471382.0,2016.0,2018.0,F-C,6-10,245.0,"October 15, 1993",Bowling Green State University
390.0,T.J. McConnell,PHI,1471382.0,2016.0,2018.0,G,6-2,200.0,"March 25, 1992",University of Arizona
391.0,Josh Huestis,OKC,1471382.0,2016.0,2018.0,F,6-7,230.0,"December 19, 1991",Stanford University
392.0,Jordan Mickey,MIA,1471382.0,2016.0,2018.0,F,6-8,235.0,"July 9, 1994",Louisiana State University
393.0,Montrezl Harrell,LAC,1471382.0,2016.0,2018.0,F-C,6-8,240.0,"January 26, 1994",University of Louisville
394.0,Joe Young,IND,1471382.0,2016.0,2018.0,G,6-2,180.0,"June 27, 1992",University of Oregon
395.0,Kevon Looney,GSW,1471382.0,2016.0,2018.0,F-C,6-9,220.0,"February 6, 1996","University of California, Los Angeles"
396.0,Nikola Jokic,DEN,1471382.0,2016.0,2018.0,C-F,6-10,250.0,"February 19, 1995",
397.0,Salah Mejri,DAL,1471382.0,2016.0,2018.0,C,7-1,245.0,"June 15, 1986",
398.0,Caleb Swanigan,POR,1465920.0,2018.0,2018.0,F,6-8,250.0,"April 18, 1997",Purdue University
399.0,Furkan Korkmaz,PHI,1465920.0,2018.0,2018.0,G,6-7,185.0,"July 24, 1997",
400.0,Willy Hernangomez,CHO,1435750.0,2017.0,2018.0,C,6-11,240.0,"May 27, 1994",
401.0,Kyle Kuzma,LAL,1423560.0,2018.0,2018.0,F,6-9,220.0,"July 24, 1995",University of Utah
402.0,Tony Bradley,UTA,1414920.0,2018.0,2018.0,F-C,6-11,240.0,"January 8, 1998",University of North Carolina
403.0,Derrick White,SAS,1404600.0,2018.0,2018.0,G,6-5,190.0,"July 2, 1994",University of Colorado
404.0,Josh Hart,LAL,1394520.0,2018.0,2018.0,G,6-5,209.0,"March 6, 1995",Villanova University
405.0,Timothe Luwawu-Cabarrot,PHI,1386600.0,2017.0,2018.0,F,6-6,205.0,"May 9, 1995",
406.0,Kevin Martin,MIN,1360305.0,2005.0,2016.0,G,6-7,199.0,"February 1, 1983",Western Carolina University
407.0,Brice Johnson,MEM,1331160.0,2017.0,2018.0,F,6-10,230.0,"June 27, 1994",University of North Carolina
408.0,Pascal Siakam,TOR,1312611.0,2017.0,2018.0,F,6-9,230.0,"February 4, 1994",New Mexico State University
409.0,Dejounte Murray,SAS,1312611.0,2017.0,2018.0,G,6-5,170.0,"September 19, 1996",University of Washington
410.0,Skal Labissiere,SAC,1312611.0,2017.0,2018.0,F,6-11,225.0,"March 18, 1996",University of Kentucky
411.0,A.J. Hammons,MIA,1312611.0,2017.0,2017.0,C,7-0,260.0,"August 27, 1992",Purdue University
412.0,Deyonta Davis,MEM,1312611.0,2017.0,2018.0,F-C,6-11,237.0,"December 2, 1996",Michigan State University
413.0,Chinanu Onuaku,HOU,1312611.0,2017.0,2017.0,F-C,6-10,245.0,"November 1, 1996",University of Louisville
414.0,Damian Jones,GSW,1312611.0,2017.0,2018.0,F-C,7-0,245.0,"June 30, 1995",Vanderbilt University
415.0,Wayne Selden,MEM,1312611.0,2017.0,2018.0,G-F,6-5,230.0,"September 30, 1994",University of Kansas
416.0,Cheick Diallo,NOP,1312611.0,2017.0,2018.0,F,6-9,220.0,"September 13, 1996",University of Kansas
417.0,Joel Bolomboy,UTA,1312611.0,2017.0,2018.0,F,6-9,235.0,"January 28, 1994",Weber State University
418.0,Davis Bertans,SAS,1312611.0,2017.0,2018.0,F,6-10,210.0,"November 12, 1992",
419.0,Bryn Forbes,SAS,1312611.0,2017.0,2018.0,G,6-3,190.0,"July 23, 1993",Michigan State University
420.0,Jake Layman,POR,1312611.0,2017.0,2018.0,F,6-9,210.0,"March 7, 1994",University of Maryland
421.0,Tyler Ulis,PHO,1312611.0,2017.0,2018.0,G,5-10,150.0,"January 5, 1996",University of Kentucky
422.0,Marcus Georges-Hunt,MIN,1312611.0,2017.0,2018.0,G,6-5,216.0,"March 28, 1994",Georgia Institute of Technology
423.0,Malcolm Brogdon,MIL,1312611.0,2017.0,2018.0,G,6-5,215.0,"December 11, 1992",University of Virginia
424.0,Rodney McGruder,MIA,1312611.0,2017.0,2017.0,G,6-4,205.0,"July 29, 1991",Kansas State University
425.0,Andrew Harrison,MEM,1312611.0,2017.0,2018.0,G,6-6,213.0,"October 28, 1994",University of Kentucky
426.0,Ivica Zubac,LAL,1312611.0,2017.0,2018.0,C,7-1,265.0,"March 18, 1997",
427.0,Patrick McCaw,GSW,1312611.0,2017.0,2018.0,G,6-7,185.0,"October 25, 1995","University of Nevada, Las Vegas"
428.0,Dorian Finney-Smith,DAL,1312611.0,2017.0,2018.0,F,6-8,220.0,"May 4, 1993",University of Florida
429.0,Yogi Ferrell,DAL,1312611.0,2017.0,2018.0,G,6-0,180.0,"May 9, 1993",Indiana University
430.0,Treveon Graham,CHO,1312611.0,2017.0,2018.0,G,6-6,220.0,"October 29, 1993",Virginia Commonwealth University
431.0,David Nwaba,CHI,1312611.0,2017.0,2018.0,G,6-4,209.0,"January 14, 1993","California Polytechnic State University, San Luis Obispo"
432.0,Paul Zipser,CHI,1312611.0,2017.0,2018.0,G-F,6-8,215.0,"February 18, 1994",
433.0,Isaiah Whitehead,BRK,1312611.0,2017.0,2018.0,G,6-4,213.0,"March 8, 1995",Seton Hall University
434.0,Sheldon Mac,ATL,1312611.0,2017.0,2017.0,G,6-5,200.0,"December 21, 1992",University of Miami
435.0,Okaro White,ATL,1312611.0,2017.0,2018.0,F,6-8,204.0,"August 13, 1992",Florida State University
436.0,Nicolas Brussino,ATL,1312611.0,2017.0,2018.0,G-F,6-7,195.0,"March 2, 1993",
437.0,Diamond Stone,ATL,1312611.0,2017.0,2017.0,C,6-11,255.0,"February 10, 1997",University of Maryland
438.0,Isaiah Taylor,ATL,1312611.0,2017.0,2018.0,G,6-3,170.0,"July 11, 1994",University of Texas at Austin
439.0,Kay Felder,CHI,1312611.0,2017.0,2018.0,G,5-9,176.0,"March 29, 1995",Oakland University
440.0,Fred VanVleet,TOR,1312611.0,2017.0,2018.0,G,6-0,195.0,"February 25, 1994",Wichita State University
441.0,Derrick Jones,PHO,1312611.0,2017.0,2018.0,F,6-7,190.0,"February 15, 1997","University of Nevada, Las Vegas"
442.0,Chasson Randle,NYK,1312611.0,2017.0,2017.0,G,6-2,185.0,"February 5, 1993",Stanford University
443.0,Stephen Zimmerman,LAL,1312611.0,2017.0,2017.0,C,7-0,240.0,"September 9, 1996","University of Nevada, Las Vegas"
444.0,Semi Ojeleye,BOS,1291892.0,2018.0,2018.0,F,6-7,241.0,"December 5, 1994",Southern Methodist University
445.0,Frank Mason,SAC,1184385.0,2018.0,2018.0,G,6-0,189.0,"April 3, 1994",University of Kansas
446.0,Abdel Nader,BOS,1167333.0,2018.0,2018.0,F,6-6,230.0,"September 25, 1993",Iowa State University
447.0,Damyean Dotson,NYK,1100000.0,2018.0,2018.0,G,6-6,205.0,"May 6, 1994",University of Houston
448.0,Paul Pierce,LAC,1096080.0,1999.0,2017.0,F-G,6-7,235.0,"October 13, 1977",University of Kansas
449.0,Isaiah Canaan,PHO,1069308.0,2014.0,2018.0,G,6-0,201.0,"May 21, 1991",Murray State University
450.0,Wesley Iwundu,ORL,1050000.0,2018.0,2018.0,F,6-7,193.0,"December 20, 1994",Kansas State University
452.0,Justin Hamilton,TOR,1000000.0,2014.0,2017.0,C,7-0,260.0,"April 1, 1990",Louisiana State University
453.0,Gerald Henderson,PHI,1000000.0,1980.0,1992.0,G,6-2,175.0,"January 16, 1956",Virginia Commonwealth University
453.0,Gerald Henderson,PHI,1000000.0,2010.0,2017.0,G,6-5,215.0,"December 9, 1987",Duke University
455.0,Ivan Rabb,MEM,950000.0,2018.0,2018.0,F,6-10,220.0,"February 4, 1997",University of California
456.0,Ike Anigbogu,IND,950000.0,2018.0,2018.0,F-C,6-10,252.0,"October 22, 1998","University of California, Los Angeles"
457.0,Gerald Green,HOU,947248.0,2006.0,2017.0,G-F,6-7,205.0,"January 26, 1986",
458.0,Jason Thompson,GSW,945126.0,2009.0,2016.0,F-C,6-11,250.0,"July 21, 1986",Rider University
459.0,Martell Webster,WAS,830000.0,2006.0,2015.0,G-F,6-7,230.0,"December 4, 1986",
461.0,Jordan Bell,GSW,815615.0,2018.0,2018.0,F,6-9,224.0,"January 7, 1995",University of Oregon
462.0,Dakari Johnson,OKC,815615.0,2018.0,2018.0,C,7-0,255.0,"September 22, 1995",University of Kentucky
463.0,Sterling Brown,MIL,815615.0,2018.0,2018.0,G,6-5,225.0,"February 10, 1995",Southern Methodist University
464.0,Dillon Brooks,MEM,815615.0,2018.0,2018.0,G-F,6-6,220.0,"January 22, 1996",University of Oregon
465.0,Jawun Evans,LAC,815615.0,2018.0,2018.0,G,6-0,185.0,"July 26, 1996",Oklahoma State University
466.0,Sindarius Thornwell,LAC,815615.0,2018.0,2018.0,G,6-5,212.0,"November 15, 1994",University of South Carolina
467.0,Dwayne Bacon,CHO,815615.0,2018.0,2018.0,G,6-6,222.0,"August 30, 1995",Florida State University
468.0,Tyler Dorsey,ATL,815615.0,2018.0,2018.0,G,6-5,183.0,"February 14, 1996",University of Oregon
470.0,Royce O'Neale,UTA,815615.0,2018.0,2018.0,F,6-6,215.0,"June 5, 1993",Baylor University
471.0,Alfonzo McKinnie,TOR,815615.0,2018.0,2018.0,F,6-8,215.0,"September 17, 1992",University of Wisconsin-Green Bay
472.0,Brandon Paul,SAS,815615.0,2018.0,2018.0,G,6-4,200.0,"April 30, 1991",University of Illinois at Urbana-Champaign
473.0,Khem Birch,ORL,815615.0,2018.0,2018.0,C-F,6-9,220.0,"September 28, 1992","University of Nevada, Las Vegas"
474.0,Thomas Bryant,LAL,815615.0,2018.0,2018.0,C,6-10,248.0,"July 31, 1997",Indiana University
475.0,Zhou Qi,HOU,815615.0,2018.0,2018.0,F-C,7-1,210.0,"January 16, 1996",
476.0,Maxi Kleber,DAL,815615.0,2018.0,2018.0,F,6-10,220.0,"January 29, 1992",
477.0,Daniel Theis,BOS,815615.0,2018.0,2018.0,C,6-9,215.0,"April 4, 1992",
478.0,Sean Kilpatrick,MIL,789725.0,2015.0,2018.0,G,6-4,210.0,"January 6, 1990",University of Cincinnati
479.0,Trey Burke,NYK,784160.0,2014.0,2017.0,G,6-1,191.0,"November 12, 1992",University of Michigan
480.0,Alex Poythress,IND,778668.0,2017.0,2018.0,F,6-7,238.0,"September 6, 1993",University of Kentucky
481.0,Marco Belinelli,PHI,776217.0,2008.0,2018.0,G-F,6-5,210.0,"March 25, 1986",
482.0,Joe Johnson,HOU,749905.0,2002.0,2018.0,G-F,6-7,240.0,"June 29, 1981",University of Arkansas
483.0,Dwight Buycks,DET,748160.0,2014.0,2015.0,G,6-3,190.0,"March 6, 1989",Marquette University
484.0,Tyler Cavanaugh,ATL,679919.0,2018.0,2018.0,F,6-9,239.0,"February 9, 1994",George Washington University
485.0,Carlos Delfino,LAC,650000.0,2005.0,2013.0,G,6-6,230.0,"August 29, 1982",
486.0,Caron Butler,SAC,517220.0,2003.0,2016.0,F,6-7,228.0,"March 13, 1980",University of Connecticut
487.0,Jordan Farmar,LAC,510921.0,2007.0,2017.0,G,6-2,180.0,"November 30, 1986","University of California, Los Angeles"
488.0,Ersan Ilyasova,PHI,502328.0,2007.0,2018.0,F,6-10,235.0,"May 15, 1987",
489.0,Leandro Barbosa,PHO,500000.0,2004.0,2017.0,G,6-3,194.0,"November 28, 1982",
490.0,Tibor Pleiss,PHI,500000.0,2016.0,2016.0,C,7-3,256.0,"November 2, 1989",
491.0,Michael Gbinije,DET,500000.0,2017.0,2017.0,G,6-7,200.0,"June 5, 1992",Syracuse University
492.0,Aaron Gray,DET,452059.0,2008.0,2014.0,C,7-0,270.0,"December 7, 1984",University of Pittsburgh
493.0,Festus Ezeli,POR,333334.0,2013.0,2016.0,C,6-11,255.0,"October 21, 1989",Vanderbilt University
494.0,C.J. Watson,ORL,333334.0,2008.0,2017.0,G,6-2,175.0,"April 17, 1984",University of Tennessee
495.0,Gal Mekel,DAL,315760.0,2014.0,2015.0,G,6-3,191.0,"March 4, 1988",Wichita State University
496.0,Miroslav Raduljica,LAC,300000.0,2014.0,2015.0,C,7-0,250.0,"January 5, 1988",
498.0,Ramon Sessions,WAS,263124.0,2008.0,2018.0,G,6-3,190.0,"April 11, 1986","University of Nevada, Reno"
499.0,Jordan Crawford,NOP,250000.0,2011.0,2018.0,G,6-4,195.0,"October 23, 1988",Xavier University
500.0,Emeka Okafor,NOP,239204.0,2005.0,2013.0,C-F,6-10,252.0,"September 28, 1982",University of Connecticut
501.0,Wade Baldwin,POR,222476.0,2017.0,2017.0,G,6-4,202.0,"March 29, 1996",Vanderbilt University
502.0,Isaiah Canaan,CHI,200000.0,2014.0,2018.0,G,6-0,201.0,"May 21, 1991",Murray State University
503.0,Rakeem Christmas,IND,172552.0,2016.0,2017.0,F,6-9,250.0,"December 1, 1991",Syracuse University
504.0,DeAndre Liggins,NOP,172238.0,2012.0,2018.0,G,6-6,209.0,"March 31, 1988",University of Kentucky
505.0,Sean Kilpatrick,LAC,172238.0,2015.0,2018.0,G,6-4,210.0,"January 6, 1990",University of Cincinnati
506.0,Rashad Vaughn,ORL,166258.0,2016.0,2018.0,G,6-6,202.0,"August 16, 1996","University of Nevada, Las Vegas"
507.0,Troy Williams,NYK,148318.0,2017.0,2018.0,F,6-7,218.0,"December 30, 1994",Indiana University
508.0,Travis Wear,LAL,148318.0,2015.0,2015.0,F,6-10,230.0,"September 21, 1990","University of California, Los Angeles"
509.0,Carrick Felix,WAS,140902.0,2014.0,2014.0,G,6-6,201.0,"August 17, 1990",Arizona State University
510.0,Brandon Rush,POR,119602.0,2009.0,2017.0,G-F,6-6,220.0,"July 7, 1985",University of Kansas
511.0,Brandon Jennings,MIL,119010.0,2010.0,2017.0,G,6-1,170.0,"September 23, 1989",
512.0,Derrick Williams,LAL,104059.0,2012.0,2017.0,F,6-8,240.0,"May 25, 1991",University of Arizona
513.0,K.J. McDaniels,TOR,100000.0,2015.0,2017.0,G-F,6-6,205.0,"February 9, 1993",Clemson University
514.0,Marshall Plumlee,NYK,100000.0,2017.0,2017.0,C,7-0,250.0,"July 14, 1992",Duke University
515.0,Georges Niang,IND,100000.0,2017.0,2017.0,F,6-8,230.0,"June 17, 1993",Iowa State University
516.0,Quinn Cook,ATL,100000.0,2017.0,2018.0,G,6-2,184.0,"March 23, 1993",Duke University
517.0,Demetrius Jackson,BOS,92858.0,2017.0,2018.0,G,6-1,201.0,"September 7, 1994",University of Notre Dame
518.0,Kyle Collinsworth,DAL,92160.0,2018.0,2018.0,G-F,6-6,210.0,"October 3, 1991",Brigham Young University
523.0,Antonius Cleveland,ATL,92160.0,2018.0,2018.0,G,6-6,195.0,"February 2, 1994",Southeast Missouri State University
525.0,Mike James,PHO,87552.0,2002.0,2014.0,G,6-2,188.0,"June 23, 1975",Duquesne University
525.0,Mike James,PHO,87552.0,2018.0,2018.0,G,6-1,189.0,"August 18, 1990",Lamar University
526.0,Jarell Eddie,BOS,83129.0,2016.0,2017.0,G-F,6-7,218.0,"October 30, 1991",Virginia Polytechnic Institute and State University
527.0,Jarell Eddie,CHI,83129.0,2016.0,2017.0,G-F,6-7,218.0,"October 30, 1991",Virginia Polytechnic Institute and State University
528.0,Briante Weber,MEM,83129.0,2016.0,2018.0,G,6-2,165.0,"December 29, 1992",Virginia Commonwealth University
529.0,Demetrius Jackson,HOU,74159.0,2017.0,2018.0,G,6-1,201.0,"September 7, 1994",University of Notre Dame
530.0,Georgios Papagiannis,POR,74159.0,2017.0,2018.0,C,7-1,240.0,"July 3, 1997",
531.0,Larry Drew,NOP,74159.0,1981.0,1991.0,G,6-1,170.0,"April 2, 1958",University of Missouri
531.0,Larry Drew,NOP,74159.0,2015.0,2015.0,G,6-2,180.0,"March 5, 1990","University of California, Los Angeles"
532.0,Scotty Hopson,DAL,74159.0,2014.0,2014.0,G,6-7,204.0,"August 8, 1989",University of Tennessee
533.0,Isaiah Canaan,HOU,53465.0,2014.0,2018.0,G,6-0,201.0,"May 21, 1991",Murray State University
534.0,Tyler Cavanaugh,ATL,50000.0,2018.0,2018.0,F,6-9,239.0,"February 9, 1994",George Washington University
535.0,Kyle Collinsworth,DAL,50000.0,2018.0,2018.0,G-F,6-6,210.0,"October 3, 1991",Brigham Young University
536.0,Demetrius Jackson,HOU,50000.0,2017.0,2018.0,G,6-1,201.0,"September 7, 1994",University of Notre Dame
537.0,Daniel Ochefu,WAS,50000.0,2017.0,2017.0,C,6-11,245.0,"December 15, 1993",Villanova University
538.0,Michael Young,WAS,50000.0,1985.0,1990.0,F-G,6-7,220.0,"January 2, 1961",University of Houston
539.0,Nate Wolters,UTA,50000.0,2014.0,2018.0,G,6-4,190.0,"May 15, 1991",South Dakota State University
542.0,Jacob Pullen,PHI,50000.0,2018.0,2018.0,G,6-1,200.0,"November 10, 1989",Kansas State University
543.0,James Michael McAdoo,PHI,50000.0,2015.0,2018.0,F,6-9,230.0,"January 4, 1993",University of North Carolina
546.0,Gary Payton,MIL,50000.0,1991.0,2007.0,G,6-4,180.0,"July 23, 1968",Oregon State University
546.0,Gary Payton,MIL,50000.0,2017.0,2018.0,G,6-3,190.0,"December 1, 1992",Oregon State University
547.0,Matt Williams,MIA,50000.0,2018.0,2018.0,G,6-5,210.0,"October 14, 1993",University of Central Florida
548.0,Vince Hunter,MEM,50000.0,2018.0,2018.0,F,6-8,208.0,"August 5, 1994",University of Texas at El Paso
549.0,Vander Blue,LAL,50000.0,2014.0,2018.0,G,6-4,200.0,"July 17, 1992",Marquette University
551.0,Briante Weber,LAL,50000.0,2016.0,2018.0,G,6-2,165.0,"December 29, 1992",Virginia Commonwealth University
552.0,Jamil Wilson,LAC,50000.0,2018.0,2018.0,F,6-7,230.0,"November 21, 1990",Marquette University
553.0,Briante Weber,HOU,50000.0,2016.0,2018.0,G,6-2,165.0,"December 29, 1992",Virginia Commonwealth University
554.0,Luis Montero,DET,50000.0,2016.0,2016.0,G,6-7,185.0,"April 6, 1993",Westchester CC
555.0,Gian Clavell,DAL,50000.0,2018.0,2018.0,G,6-4,185.0,"November 26, 1993",Colorado State University
556.0,Antonius Cleveland,DAL,50000.0,2018.0,2018.0,G,6-6,195.0,"February 2, 1994",Southeast Missouri State University
557.0,Diamond Stone,CHI,50000.0,2017.0,2017.0,C,6-11,255.0,"February 10, 1997",University of Maryland
559.0,Jeremy Evans,ATL,50000.0,2011.0,2016.0,F,6-9,200.0,"October 24, 1987",Western Kentucky University
566.0,Marcus Thornton,CLE,46080.0,2010.0,2017.0,G,6-4,205.0,"June 5, 1987",Louisiana State University
567.0,DeAndre Liggins,ATL,26773.0,2012.0,2018.0,G,6-6,209.0,"March 31, 1988",University of Kentucky
568.0,Axel Toupane,NOP,25000.0,2016.0,2017.0,G-F,6-7,197.0,"July 23, 1992",
569.0,Quinn Cook,NOP,25000.0,2017.0,2018.0,G,6-2,184.0,"March 23, 1993",Duke University
570.0,Chris Johnson,HOU,25000.0,2011.0,2013.0,C,6-11,210.0,"July 15, 1985",Louisiana State University
570.0,Chris Johnson,HOU,25000.0,2013.0,2016.0,F-G,6-6,206.0,"April 29, 1990",University of Dayton
571.0,Beno Udrih,DET,25000.0,2005.0,2017.0,G,6-3,205.0,"July 5, 1982",
572.0,Joel Bolomboy,MIL,22248.0,2017.0,2018.0,F,6-9,235.0,"January 28, 1994",Weber State University
573.0,Jarell Eddie,CHI,17224.0,2016.0,2017.0,G-F,6-7,218.0,"October 30, 1991",Virginia Polytechnic Institute and State University
